{
  "config": {
    "train_ws": [
      6,
      8
    ],
    "eval_ws": [
      8,
      12,
      16,
      20
    ],
    "seeds": [
      0,
      1,
      2
    ],
    "hidden": 32,
    "epochs": 20,
    "n_train": 1500
  },
  "curves": {
    "layout": {
      "8": 0.6504166722297668,
      "12": 0.6508333484331766,
      "16": 0.6058333317438761,
      "20": 0.6208333373069763
    },
    "random": {
      "8": 0.5024999976158142,
      "12": 0.5,
      "16": 0.5,
      "20": 0.512500007947286
    },
    "settf": {
      "8": 0.6737499833106995,
      "12": 0.6666666666666666,
      "16": 0.6595833500226339,
      "20": 0.6650000015894572
    },
    "knn": {
      "8": 0.7520833412806193,
      "12": 0.6754166881243387,
      "16": 0.6920833190282186,
      "20": 0.6104166706403097
    }
  },
  "verdict": {
    "layout_at_8": 0.6504166722297668,
    "layout_minus_bestbase_at_bigW": -0.04416666428248084,
    "layout_minus_random_at_bigW": 0.10833332935969031,
    "learns": false,
    "beats_baselines": false,
    "beats_random": true,
    "PASS": false
  },
  "runtime_sec": 899.1
}