{
  "config": {
    "train_ws": [
      6,
      8
    ],
    "eval_ws": [
      8,
      12,
      16,
      20
    ],
    "seeds": [
      0,
      1,
      2,
      3,
      4
    ],
    "hidden": 32,
    "epochs": 30,
    "n_train": 1500
  },
  "curves": {
    "layout": {
      "8": 0.6475000023841858,
      "12": 0.6679999947547912,
      "16": 0.6227499961853027,
      "20": 0.6225000143051147
    },
    "random": {
      "8": 0.528250002861023,
      "12": 0.5320000052452087,
      "16": 0.5294999957084656,
      "20": 0.5122500002384186
    },
    "settf": {
      "8": 0.6982499957084656,
      "12": 0.7110000014305115,
      "16": 0.7,
      "20": 0.6977499961853028
    },
    "knn": {
      "8": 0.7074999928474426,
      "12": 0.7272499918937683,
      "16": 0.6332499980926514,
      "20": 0.6517500042915344
    }
  },
  "verdict": {
    "layout_at_8": 0.6475000023841858,
    "layout_minus_bestbase_at_bigW": -0.07524998188018805,
    "layout_minus_random_at_bigW": 0.1102500140666961,
    "learns": false,
    "beats_baselines": false,
    "beats_random": true,
    "PASS": false
  },
  "runtime_sec": 39239.6
}