{
  "config": {
    "curriculum": [
      [
        [
          4
        ],
        12
      ],
      [
        [
          4,
          5
        ],
        12
      ],
      [
        [
          4,
          5,
          6
        ],
        24
      ]
    ],
    "eval_ws": [
      4,
      5,
      6,
      8,
      10,
      12,
      16,
      20
    ],
    "seeds": [
      0,
      1,
      2
    ],
    "hidden": 64,
    "iters": 16,
    "warmup": 300,
    "lr": 0.001,
    "quick": false
  },
  "per_seed": [
    {
      "4": 0.9319999814033508,
      "5": 0.871999979019165,
      "6": 0.777999997138977,
      "8": 0.6840000152587891,
      "10": 0.609000027179718,
      "12": 0.5320000052452087,
      "16": 0.5189999938011169,
      "20": 0.5350000262260437
    },
    {
      "4": 0.996999979019165,
      "5": 0.9789999723434448,
      "6": 0.9330000281333923,
      "8": 0.7289999723434448,
      "10": 0.6240000128746033,
      "12": 0.5820000171661377,
      "16": 0.5419999957084656,
      "20": 0.5210000276565552
    },
    {
      "4": 0.7350000143051147,
      "5": 0.6980000138282776,
      "6": 0.6600000262260437,
      "8": 0.6240000128746033,
      "10": 0.5929999947547913,
      "12": 0.5350000262260437,
      "16": 0.5189999938011169,
      "20": 0.5080000162124634
    }
  ],
  "mean": {
    "4": 0.8879999915758768,
    "5": 0.8496666550636292,
    "6": 0.7903333504994711,
    "8": 0.6790000001589457,
    "10": 0.6086666782697042,
    "12": 0.54966668287913,
    "16": 0.5266666611035665,
    "20": 0.5213333566983541
  },
  "trains_mean_456": 0.8426666657129923,
  "trains": true,
  "runtime_sec": 410.6
}