{
  "config": {
    "curriculum": [
      [
        [
          4
        ],
        12
      ],
      [
        [
          4,
          5
        ],
        12
      ],
      [
        [
          4,
          5,
          6
        ],
        24
      ]
    ],
    "eval_ws": [
      4,
      5,
      6,
      8,
      10,
      12,
      16,
      20
    ],
    "seeds": [
      0,
      1,
      2
    ],
    "hidden": 64,
    "iters": 16,
    "warmup": 300,
    "lr": 0.001,
    "wall_p": 0.28,
    "quick": false
  },
  "families": {
    "F4b": {
      "per_seed": [
        {
          "4": 0.9710000157356262,
          "5": 0.953000009059906,
          "6": 0.9279999732971191,
          "8": 0.8830000162124634,
          "10": 0.8650000095367432,
          "12": 0.8180000185966492,
          "16": 0.6299999952316284,
          "20": 0.5090000033378601
        },
        {
          "4": 0.9909999966621399,
          "5": 0.9660000205039978,
          "6": 0.9100000262260437,
          "8": 0.8370000123977661,
          "10": 0.8330000042915344,
          "12": 0.7390000224113464,
          "16": 0.5,
          "20": 0.5
        },
        {
          "4": 0.9890000224113464,
          "5": 0.9629999995231628,
          "6": 0.9470000267028809,
          "8": 0.8510000109672546,
          "10": 0.7310000061988831,
          "12": 0.5270000100135803,
          "16": 0.5,
          "20": 0.5
        }
      ],
      "mean": {
        "4": 0.9836666782697042,
        "5": 0.9606666763623556,
        "6": 0.9283333420753479,
        "8": 0.8570000131924947,
        "10": 0.8096666733423868,
        "12": 0.6946666836738586,
        "16": 0.5433333317438761,
        "20": 0.50300000111262
      },
      "trains_mean_456": 0.957555565569136,
      "trains": true,
      "far_mean_16_20": 0.523166666428248,
      "transfer": "no transfer"
    },
    "F5": {
      "per_seed": [
        {
          "4": 0.8309999704360962,
          "5": 0.8029999732971191,
          "6": 0.7459999918937683,
          "8": 0.609000027179718,
          "10": 0.5199999809265137,
          "12": 0.5109999775886536,
          "16": 0.49399998784065247,
          "20": 0.5120000243186951
        },
        {
          "4": 0.8080000281333923,
          "5": 0.8009999990463257,
          "6": 0.7429999709129333,
          "8": 0.6729999780654907,
          "10": 0.5849999785423279,
          "12": 0.5419999957084656,
          "16": 0.5120000243186951,
          "20": 0.5080000162124634
        },
        {
          "4": 0.8019999861717224,
          "5": 0.7710000276565552,
          "6": 0.7049999833106995,
          "8": 0.6029999852180481,
          "10": 0.5879999995231628,
          "12": 0.5389999747276306,
          "16": 0.4819999933242798,
          "20": 0.5019999742507935
        }
      ],
      "mean": {
        "4": 0.8136666615804037,
        "5": 0.7916666666666666,
        "6": 0.731333315372467,
        "8": 0.628333330154419,
        "10": 0.5643333196640015,
        "12": 0.5306666493415833,
        "16": 0.4960000018278758,
        "20": 0.5073333382606506
      },
      "trains_mean_456": 0.7788888812065125,
      "trains": false,
      "far_mean_16_20": 0.5016666700442632,
      "transfer": "n/a (training failure)"
    }
  },
  "runtime_sec": 369.0
}