{
  "config": {
    "train_n": 16,
    "test_ns": [
      16,
      32,
      64
    ],
    "seeds": [
      0,
      1,
      2
    ],
    "hidden": 64,
    "n_train": 2000,
    "epochs": 25,
    "clrs_version": "2.0.3",
    "quick": false
  },
  "results": {
    "recgnn": {
      "16": [
        0.9993749856948853,
        0.9963750243186951,
        0.9978749752044678
      ],
      "32": [
        0.9980624914169312,
        0.9975000023841858,
        0.9939374923706055
      ],
      "64": [
        0.9659687280654907,
        0.94921875,
        0.9298437237739563
      ]
    },
    "plain": {
      "16": [
        0.9891250133514404,
        0.9798750281333923,
        0.9788749814033508
      ],
      "32": [
        0.9541875123977661,
        0.8790000081062317,
        0.9018124938011169
      ],
      "64": [
        0.6945937275886536,
        0.6638749837875366,
        0.38725000619888306
      ]
    }
  },
  "runtime_sec": 351.0
}