{
  "config": {
    "train_size": 9,
    "test_sizes": [
      9,
      11,
      13
    ],
    "seeds": [
      0,
      1,
      2
    ],
    "hidden": 64,
    "depth": 48,
    "n_train": 20000,
    "n_test": 1000,
    "epochs": 50,
    "quick": false,
    "big": true
  },
  "results": {
    "2d": {
      "9": {
        "solve": [
          0.10999999940395355,
          0.04699999839067459,
          0.1809999942779541
        ],
        "pixel": [
          0.9657413363456726,
          0.9587968587875366,
          0.9733558893203735
        ]
      },
      "11": {
        "solve": [
          0.012000000104308128,
          0.0020000000949949026,
          0.02500000037252903
        ],
        "pixel": [
          0.9449770450592041,
          0.9383545517921448,
          0.9526364207267761
        ]
      },
      "13": {
        "solve": [
          0.0,
          0.0,
          0.0020000000949949026
        ],
        "pixel": [
          0.924880862236023,
          0.9229150414466858,
          0.9344277381896973
        ]
      }
    },
    "1d": {
      "9": {
        "solve": [
          0.0,
          0.0,
          0.0
        ],
        "pixel": [
          0.8727535009384155,
          0.8689531087875366,
          0.8712117671966553
        ]
      },
      "11": {
        "solve": [
          0.0,
          0.0,
          0.0
        ],
        "pixel": [
          0.8599451780319214,
          0.8621517419815063,
          0.8593035936355591
        ]
      },
      "13": {
        "solve": [
          0.0,
          0.0,
          0.0
        ],
        "pixel": [
          0.8545879125595093,
          0.8511894345283508,
          0.8482314348220825
        ]
      }
    }
  },
  "runtime_sec": 13808.9
}