{
  "config": {
    "train_size": 9,
    "test_sizes": [
      9,
      11,
      13
    ],
    "seeds": [
      0,
      1,
      2
    ],
    "hidden": 32,
    "depth": 24,
    "n_train": 8000,
    "n_test": 1000,
    "epochs": 30,
    "quick": false
  },
  "results": {
    "2d": {
      "9": {
        "solve": [
          0.0,
          0.0,
          0.0010000000474974513
        ],
        "pixel": [
          0.8931493163108826,
          0.9173368215560913,
          0.9267326593399048
        ]
      },
      "11": {
        "solve": [
          0.0,
          0.0,
          0.0
        ],
        "pixel": [
          0.8782921433448792,
          0.9021058082580566,
          0.9114540815353394
        ]
      },
      "13": {
        "solve": [
          0.0,
          0.0,
          0.0
        ],
        "pixel": [
          0.8634306788444519,
          0.8898115158081055,
          0.8992695212364197
        ]
      }
    },
    "1d": {
      "9": {
        "solve": [
          0.0,
          0.0,
          0.004000000189989805
        ],
        "pixel": [
          0.8685069680213928,
          0.8672690987586975,
          0.8684982657432556
        ]
      },
      "11": {
        "solve": [
          0.0010000000474974513,
          0.0,
          0.0
        ],
        "pixel": [
          0.858405590057373,
          0.8528507351875305,
          0.8586708903312683
        ]
      },
      "13": {
        "solve": [
          0.0,
          0.0,
          0.0
        ],
        "pixel": [
          0.8557470440864563,
          0.8405078053474426,
          0.8491504192352295
        ]
      }
    }
  },
  "runtime_sec": 934.2
}