{
  "config": {
    "train_size": 9,
    "test_sizes": [
      9,
      11,
      13
    ],
    "seeds": [
      0
    ],
    "hidden": 64,
    "depth": 48,
    "n_train": 20000,
    "n_test": 1000,
    "epochs": 50,
    "quick": false,
    "big": true
  },
  "results": {
    "2d": {
      "9": {
        "solve": [
          0.10999999940395355
        ],
        "pixel": [
          0.9657413363456726
        ]
      },
      "11": {
        "solve": [
          0.012000000104308128
        ],
        "pixel": [
          0.9449770450592041
        ]
      },
      "13": {
        "solve": [
          0.0
        ],
        "pixel": [
          0.924880862236023
        ]
      }
    },
    "1d": {
      "9": {
        "solve": [
          0.0
        ],
        "pixel": [
          0.8727535009384155
        ]
      },
      "11": {
        "solve": [
          0.0
        ],
        "pixel": [
          0.8599451780319214
        ]
      },
      "13": {
        "solve": [
          0.0
        ],
        "pixel": [
          0.8545879125595093
        ]
      }
    }
  },
  "runtime_sec": 6979.9
}