{
  "config": {
    "seeds": [
      0,
      1,
      2,
      3,
      4
    ],
    "sweep": [
      4,
      6,
      8,
      10,
      12
    ],
    "suite_ws": [
      8,
      10,
      12,
      16,
      20
    ],
    "tau": 0.8,
    "gap_ws_fixed": [
      6,
      8,
      10,
      12
    ],
    "gap_ws_suite": [
      8,
      10,
      12
    ],
    "quick": false
  },
  "fixed_f1": {
    "2d": {
      "4": [
        0.9975,
        0.995,
        0.9975,
        0.9941666666666666,
        0.9983333333333333
      ],
      "6": [
        0.9683333333333334,
        0.9675,
        0.9816666666666667,
        0.9608333333333333,
        0.9516666666666667
      ],
      "8": [
        0.8691666666666666,
        0.8258333333333333,
        0.8525,
        0.8391666666666666,
        0.7691666666666667
      ],
      "10": [
        0.695,
        0.6691666666666667,
        0.7058333333333333,
        0.6958333333333333,
        0.71
      ],
      "12": [
        0.7075,
        0.7108333333333333,
        0.695,
        0.6991666666666667,
        0.6916666666666667
      ]
    },
    "1d": {
      "4": [
        0.9916666666666667,
        0.9866666666666667,
        0.99,
        0.99,
        0.9683333333333334
      ],
      "6": [
        0.7475,
        0.6991666666666667,
        0.7225,
        0.6591666666666667,
        0.7116666666666667
      ],
      "8": [
        0.64,
        0.6625,
        0.6375,
        0.6341666666666667,
        0.635
      ],
      "10": [
        0.6166666666666667,
        0.6025,
        0.6416666666666667,
        0.6325,
        0.6225
      ],
      "12": [
        0.6258333333333334,
        0.6425,
        0.6258333333333334,
        0.615,
        0.6258333333333334
      ]
    },
    "1d_hilbert": {
      "4": [
        0.9158333333333334,
        0.9208333333333333,
        0.9533333333333334,
        0.8966666666666666,
        0.8808333333333334
      ],
      "6": [
        0.6316666666666667,
        0.6483333333333333,
        0.6475,
        0.6491666666666667,
        0.6416666666666667
      ],
      "8": [
        0.6216666666666667,
        0.6491666666666667,
        0.6291666666666667,
        0.61,
        0.61
      ],
      "10": [
        0.6241666666666666,
        0.61,
        0.6216666666666667,
        0.64,
        0.6225
      ],
      "12": [
        0.6275,
        0.6475,
        0.6316666666666667,
        0.6475,
        0.6216666666666667
      ]
    }
  },
  "fixed_f3": {
    "2d": {
      "4": [
        1.0,
        1.0,
        1.0,
        1.0,
        1.0
      ],
      "6": [
        0.9858333333333333,
        0.9125,
        0.995,
        0.9775,
        0.96
      ],
      "8": [
        0.9483333333333334,
        0.7666666666666667,
        0.815,
        0.87,
        0.8508333333333333
      ],
      "10": [
        0.7808333333333334,
        0.7058333333333333,
        0.7208333333333333,
        0.7675,
        0.7816666666666666
      ],
      "12": [
        0.7275,
        0.615,
        0.7191666666666666,
        0.6841666666666667,
        0.6741666666666667
      ]
    },
    "1d": {
      "4": [
        1.0,
        0.9958333333333333,
        1.0,
        1.0,
        1.0
      ],
      "6": [
        0.9858333333333333,
        0.9966666666666667,
        0.9958333333333333,
        0.9833333333333333,
        0.68
      ],
      "8": [
        0.995,
        0.8591666666666666,
        0.85,
        0.9091666666666667,
        0.7608333333333334
      ],
      "10": [
        0.9666666666666667,
        0.9583333333333334,
        0.9875,
        0.7858333333333334,
        0.7066666666666667
      ],
      "12": [
        0.7841666666666667,
        0.72,
        0.7158333333333333,
        0.9216666666666666,
        0.6341666666666667
      ]
    }
  },
  "suite": {
    "F1": {
      "2d": {
        "8": [
          0.861,
          0.799,
          0.794,
          0.806,
          0.867
        ],
        "10": [
          0.749,
          0.736,
          0.759,
          0.761,
          0.757
        ],
        "12": [
          0.714,
          0.743,
          0.737,
          0.721,
          0.725
        ],
        "16": [
          0.74,
          0.723,
          0.747,
          0.731,
          0.722
        ],
        "20": [
          0.734,
          0.73,
          0.724,
          0.732,
          0.71
        ]
      },
      "1d": {
        "8": [
          0.506,
          0.505,
          0.533,
          0.49,
          0.506
        ],
        "10": [
          0.5,
          0.48,
          0.533,
          0.495,
          0.517
        ],
        "12": [
          0.537,
          0.513,
          0.537,
          0.51,
          0.501
        ],
        "16": [
          0.519,
          0.527,
          0.514,
          0.492,
          0.491
        ],
        "20": [
          0.507,
          0.496,
          0.497,
          0.472,
          0.488
        ]
      },
      "gnn": {
        "8": [
          0.845,
          0.875,
          0.917,
          0.584,
          0.792
        ],
        "10": [
          0.567,
          0.593,
          0.621,
          0.572,
          0.524
        ],
        "12": [
          0.5,
          0.501,
          0.504,
          0.563,
          0.5
        ],
        "16": [
          0.5,
          0.5,
          0.5,
          0.565,
          0.5
        ],
        "20": [
          0.5,
          0.5,
          0.5,
          0.568,
          0.5
        ]
      }
    },
    "F4b": {
      "2d": {
        "8": [
          0.971,
          0.96,
          0.969,
          0.945,
          0.956
        ],
        "10": [
          0.961,
          0.949,
          0.969,
          0.927,
          0.941
        ],
        "12": [
          0.953,
          0.951,
          0.963,
          0.944,
          0.948
        ],
        "16": [
          0.941,
          0.929,
          0.946,
          0.937,
          0.948
        ],
        "20": [
          0.934,
          0.906,
          0.948,
          0.932,
          0.94
        ]
      },
      "1d": {
        "8": [
          0.687,
          0.659,
          0.683,
          0.68,
          0.67
        ],
        "10": [
          0.644,
          0.617,
          0.613,
          0.607,
          0.644
        ],
        "12": [
          0.621,
          0.627,
          0.603,
          0.625,
          0.618
        ],
        "16": [
          0.598,
          0.569,
          0.573,
          0.592,
          0.588
        ],
        "20": [
          0.582,
          0.548,
          0.574,
          0.568,
          0.569
        ]
      },
      "gnn": {
        "8": [
          1.0,
          0.998,
          0.999,
          0.999,
          0.999
        ],
        "10": [
          1.0,
          0.996,
          1.0,
          0.996,
          0.998
        ],
        "12": [
          1.0,
          0.998,
          0.999,
          0.995,
          1.0
        ],
        "16": [
          0.999,
          0.992,
          0.995,
          0.998,
          0.996
        ],
        "20": [
          0.998,
          0.994,
          0.996,
          0.997,
          0.997
        ]
      }
    },
    "F5": {
      "2d": {
        "8": [
          0.875,
          0.935,
          0.952,
          0.943,
          0.904
        ],
        "10": [
          0.846,
          0.935,
          0.938,
          0.942,
          0.889
        ],
        "12": [
          0.859,
          0.938,
          0.912,
          0.931,
          0.888
        ],
        "16": [
          0.85,
          0.912,
          0.912,
          0.932,
          0.855
        ],
        "20": [
          0.814,
          0.904,
          0.922,
          0.921,
          0.876
        ]
      },