{
  "config": {
    "train_ws": [
      4,
      5,
      6
    ],
    "test_ws": [
      7,
      8,
      9,
      10,
      12
    ],
    "seeds": [
      0,
      1,
      2
    ],
    "depth": 16,
    "hidden": 32,
    "epochs": 22
  },
  "results": {
    "2d": {
      "7": 0.9323333333333332,
      "8": 0.8323333333333333,
      "9": 0.7756666666666666,
      "10": 0.7606666666666667,
      "12": 0.737
    },
    "1d": {
      "7": 0.55,
      "8": 0.48666666666666664,
      "9": 0.49733333333333335,
      "10": 0.48733333333333334,
      "12": 0.507
    },
    "1d_hilbert": {
      "7": 0.6263333333333333,
      "8": 0.6293333333333333,
      "9": 0.5790000000000001,
      "10": 0.5933333333333333,
      "12": 0.5713333333333334
    },
    "gnn": {
      "7": 0.945,
      "8": 0.8426666666666667,
      "9": 0.717,
      "10": 0.6083333333333334,
      "12": 0.5053333333333333
    }
  },
  "verdict": {
    "mean_gap_2d_minus_1d": 0.3199166666666666,
    "all_2d_ge_1d": true,
    "gnn_control_generalises": true,
    "PASS": true
  },
  "runtime_sec": 103.8
}