{
  "config": {
    "train_ws": [
      4,
      5,
      6
    ],
    "test_ws": [
      8,
      10,
      12,
      16,
      20
    ],
    "seeds_b": [
      0,
      1,
      2,
      3,
      4
    ],
    "seeds_c": [
      0,
      1,
      2
    ],
    "hidden": 32,
    "depth": 16,
    "epochs": 22,
    "epochs_c": 40,
    "l2_coef": 0.01,
    "quick": false
  },
  "f1rand": {
    "2d": {
      "8": [
        0.9169999957084656,
        0.9049999713897705,
        0.9179999828338623,
        0.9070000052452087,
        0.8880000114440918
      ],
      "10": [
        0.8130000233650208,
        0.8069999814033508,
        0.8009999990463257,
        0.8209999799728394,
        0.8330000042915344
      ],
      "12": [
        0.7590000033378601,
        0.7720000147819519,
        0.7409999966621399,
        0.75,
        0.7480000257492065
      ],
      "16": [
        0.6790000200271606,
        0.7089999914169312,
        0.6579999923706055,
        0.6700000166893005,
        0.6850000023841858
      ],
      "20": [
        0.675000011920929,
        0.6629999876022339,
        0.593999981880188,
        0.6159999966621399,
        0.6520000100135803
      ]
    },
    "1d": {
      "8": [
        0.6039999723434448,
        0.597000002861023,
        0.5709999799728394,
        0.5879999995231628,
        0.5899999737739563
      ],
      "10": [
        0.5619999766349792,
        0.5490000247955322,
        0.5590000152587891,
        0.5400000214576721,
        0.5580000281333923
      ],
      "12": [
        0.5299999713897705,
        0.5440000295639038,
        0.5429999828338623,
        0.5299999713897705,
        0.5529999732971191
      ],
      "16": [
        0.5920000076293945,
        0.5199999809265137,
        0.5149999856948853,
        0.5,
        0.5400000214576721
      ],
      "20": [
        0.5379999876022339,
        0.5220000147819519,
        0.5,
        0.503000020980835,
        0.5379999876022339
      ]
    }
  },
  "f1rand_gap": {
    "per_seed": [
      0.2034,
      0.2248,
      0.2048,
      0.2206,
      0.2054
    ],
    "mean": 0.2118000030517578,
    "sd": 0.010086609703982558,
    "t": 46.953259653875506,
    "p_one_sided": 6.153838733323662e-07
  },
  "recgnn_f1": {
    "8": [
      1.0,
      1.0,
      1.0
    ],
    "10": [
      1.0,
      1.0,
      1.0
    ],
    "12": [
      1.0,
      1.0,
      1.0
    ],
    "16": [
      1.0,
      1.0,
      1.0
    ],
    "20": [
      0.9990000128746033,
      1.0,
      1.0
    ]
  },
  "runtime_sec": 346.1
}