{
  "family": "F4b",
  "curves": {
    "2d": {
      "8": 0.9666666666666667,
      "10": 0.9596666666666667,
      "12": 0.9556666666666667,
      "16": 0.9386666666666666,
      "20": 0.9293333333333335
    },
    "1d": {
      "8": 0.6763333333333333,
      "10": 0.6246666666666667,
      "12": 0.617,
      "16": 0.58,
      "20": 0.568
    },
    "gnn": {
      "8": 0.999,
      "10": 0.9986666666666667,
      "12": 0.999,
      "16": 0.9953333333333334,
      "20": 0.996
    }
  },
  "gate": {
    "mean_gap_le12": 0.3213333333333333,
    "two_ge_one_everywhere": true,
    "gnn_control_at8": 0.999,
    "PASS": true
  },
  "runtime_sec": 86.8
}