{
  "config": {
    "train_ws": [
      4,
      5,
      6
    ],
    "test_ws": [
      8,
      10,
      12,
      16,
      20
    ],
    "seeds": [
      0,
      1,
      2
    ],
    "hidden": 32,
    "depth": 16,
    "epochs": 22
  },
  "families": {
    "F1": {
      "curves": {
        "2d": {
          "8": 0.8180000000000001,
          "10": 0.7479999999999999,
          "12": 0.7313333333333333,
          "16": 0.7366666666666667,
          "20": 0.7293333333333333
        },
        "1d": {
          "8": 0.5146666666666667,
          "10": 0.5043333333333333,
          "12": 0.529,
          "16": 0.52,
          "20": 0.5
        },
        "gnn": {
          "8": 0.879,
          "10": 0.5936666666666667,
          "12": 0.5016666666666666,
          "16": 0.5,
          "20": 0.5
        }
      },
      "gate": {
        "mean_gap_le12": 0.24977777777777774,
        "two_ge_one_everywhere": true,
        "gnn_control_at8": 0.879,
        "PASS": true
      }
    },
    "F4": {
      "curves": {
        "2d": {
          "8": 0.8473333333333333,
          "10": 0.7373333333333334,
          "12": 0.705,
          "16": 0.6873333333333335,
          "20": 0.6916666666666668
        },
        "1d": {
          "8": 0.567,
          "10": 0.5276666666666667,
          "12": 0.5336666666666667,
          "16": 0.5413333333333333,
          "20": 0.532
        },
        "gnn": {
          "8": 0.5613333333333334,
          "10": 0.5,
          "12": 0.5,
          "16": 0.5,
          "20": 0.5
        }
      },
      "gate": {
        "mean_gap_le12": 0.22044444444444442,
        "two_ge_one_everywhere": true,
        "gnn_control_at8": 0.5613333333333334,
        "PASS": false
      }
    },
    "F5": {
      "curves": {
        "2d": {
          "8": 0.9206666666666666,
          "10": 0.9063333333333334,
          "12": 0.903,
          "16": 0.8913333333333333,
          "20": 0.88
        },
        "1d": {
          "8": 0.553,
          "10": 0.531,
          "12": 0.5323333333333333,
          "16": 0.511,
          "20": 0.5186666666666667
        },
        "gnn": {
          "8": 0.9733333333333333,
          "10": 0.9556666666666667,
          "12": 0.945,
          "16": 0.9313333333333333,
          "20": 0.9209999999999999
        }
      },
      "gate": {
        "mean_gap_le12": 0.3712222222222222,
        "two_ge_one_everywhere": true,
        "gnn_control_at8": 0.9733333333333333,
        "PASS": true
      }
    }
  },
  "verdict": {
    "new_families_passed": [
      "F5"
    ],
    "suite": "PARTIAL",
    "f1_pass": true
  },
  "runtime_sec": 325.0
}