{
  "config": {
    "train_ws": [
      4,
      5,
      6
    ],
    "test_ws": [
      8,
      10,
      12,
      16,
      20
    ],
    "seeds": [
      0,
      1,
      2
    ],
    "hidden": 32,
    "fixed_depth": 16,
    "epochs": 22,
    "iters_rule": "train~U[W,3W] test=3W"
  },
  "results": {
    "ca_2d": {
      "8": 0.9456666666666665,
      "10": 0.89,
      "12": 0.8443333333333333,
      "16": 0.7183333333333334,
      "20": 0.6426666666666666
    },
    "fixed_2d": {
      "8": 0.8956666666666667,
      "10": 0.763,
      "12": 0.7326666666666667,
      "16": 0.7326666666666667,
      "20": 0.7243333333333334
    },
    "ca_1d": {
      "8": 0.532,
      "10": 0.507,
      "12": 0.523,
      "16": 0.4996666666666667,
      "20": 0.48900000000000005
    }
  },
  "verdict": {
    "ca_2d_at_16": 0.7183333333333334,
    "ca_minus_fixed_at_16": -0.014333333333333309,
    "ca_minus_ca1d_at_16": 0.21866666666666668,
    "holds_at_16": true,
    "beats_fixed": false,
    "beats_1d": true,
    "PASS": false
  },
  "runtime_sec": 96.6
}